file_name;init_response;timestamp;run_id;version_flag;model;temperature;type;prompt_type
single_numeric_response_LLM_prompting_collider.csv;Hello! How can I assist you today?;2025-03-16 18:36:20;aeb3dfbb-989b-48e3-9a2d-931edae94758;1_experiment;gpt-3.5-turbo;0.5;prompts_for_LLM_api;single_numeric_response
single_numeric_response_LLM_prompting_collider.csv;Hello! How can I assist you today?;2025-03-16 18:39:40;9abf8016-26a8-4055-a65d-be4bfbd5cbd5;1_experiment;gpt-3.5-turbo;0.5;prompts_for_LLM_api;single_numeric_response
single_numeric_response_LLM_prompting_collider.csv;Hello! How can I assist you today?;2025-03-16 18:41:40;2c66e145-4cf9-4d78-aa92-6c9cfaafa093;1_experiment;gpt-3.5-turbo;0.5;prompts_for_LLM_api;single_numeric_response
single_numeric_response_LLM_prompting_collider.csv;Hello! How can I assist you today?;2025-03-16 18:42:24;59e96cbc-72b9-47cc-b09d-0907f2afd63d;1_experiment;gpt-3.5-turbo;0.0;prompts_for_LLM_api;single_numeric_response
single_numeric_response_LLM_prompting_collider.csv;Error: Gemini API error: contents must not be empty;2025-03-16 19:03:36;59e96cbc-72b9-47cc-b09d-0907f2afd63d;1_experiment;gemini-pro;0.0;prompts_for_LLM_api;single_numeric_response
single_numeric_response_LLM_prompting_collider.csv;Error: Claude API error: Error code: 400 - {'type': 'error', 'error': {'type': 'invalid_request_error', 'message': 'messages.0: all messages must have non-empty content except for the optional final assistant message'}};2025-03-16 19:20:13;59e96cbc-72b9-47cc-b09d-0907f2afd63d;1_experiment;claude-3-opus-20240229;0.0;prompts_for_LLM_api;single_numeric_response
single_numeric_response_LLM_prompting_collider.csv;Hello! How can I assist you today?;2025-03-16 19:48:12;59e96cbc-72b9-47cc-b09d-0907f2afd63d;1_experiment;gpt-3.5-turbo;0.3;prompts_for_LLM_api;single_numeric_response
single_numeric_response_LLM_prompting_collider.csv;Error: Claude API error: Error code: 400 - {'type': 'error', 'error': {'type': 'invalid_request_error', 'message': 'Your credit balance is too low to access the Anthropic API. Please go to Plans & Billing to upgrade or purchase credits.'}};2025-03-17 09:41:23;33b993ce-7e50-42f1-bd78-78eefd2f1c31;1_experiment;claude-3-opus-20240229;0.3;prompts_for_LLM_api;single_numeric_response
single_numeric_response_LLM_prompting_collider.csv;Error: Gemini API error: contents must not be empty;2025-03-17 09:48:38;85a45d50-04da-4d59-b615-13a39a95dfb1;1_experiment;gemini-1.5-pro;0.0;prompts_for_LLM_api;single_numeric_response
single_numeric_response_LLM_prompting_collider.csv;Error: Gemini API error: contents must not be empty;2025-03-17 10:13:31;85a45d50-04da-4d59-b615-13a39a95dfb1;1_experiment;gemini-1.5-pro;0.3;prompts_for_LLM_api;single_numeric_response
single_numeric_response_LLM_prompting_collider.csv;Error: Gemini API error: contents must not be empty;2025-03-17 10:37:26;85a45d50-04da-4d59-b615-13a39a95dfb1;1_experiment;gemini-1.5-pro;0.5;prompts_for_LLM_api;single_numeric_response
single_numeric_response_LLM_prompting_collider.csv;Error: Gemini API error: contents must not be empty;2025-03-17 11:02:06;85a45d50-04da-4d59-b615-13a39a95dfb1;1_experiment;gemini-1.5-pro;0.7;prompts_for_LLM_api;single_numeric_response
single_numeric_response_LLM_prompting_collider.csv;Error: Gemini API error: contents must not be empty;2025-03-17 11:26:30;85a45d50-04da-4d59-b615-13a39a95dfb1;1_experiment;gemini-1.5-pro;1.0;prompts_for_LLM_api;single_numeric_response
single_numeric_response_LLM_prompting_collider.csv;Error: Gemini API error: contents must not be empty;2025-03-18 16:05:10;ef189c2a-1cb6-44a5-8ece-aad60e58e70c;1_experiment;gemini-2.0-pro-exp-02-05;0.0;prompts_for_LLM_api;single_numeric_response
single_numeric_response_LLM_prompting_collider.csv;Error: Gemini API error: contents must not be empty;2025-03-18 16:27:35;ef189c2a-1cb6-44a5-8ece-aad60e58e70c;1_experiment;gemini-2.0-pro-exp-02-05;0.3;prompts_for_LLM_api;single_numeric_response
single_numeric_response_LLM_prompting_collider.csv;Error: Gemini API error: contents must not be empty;2025-03-18 16:48:56;ef189c2a-1cb6-44a5-8ece-aad60e58e70c;1_experiment;gemini-2.0-pro-exp-02-05;0.5;prompts_for_LLM_api;single_numeric_response
single_numeric_response_LLM_prompting_collider.csv;Error: Gemini API error: contents must not be empty;2025-03-18 17:56:32;fd7364d1-179e-472e-845e-439b764aafbd;1_experiment;gemini-2.0-pro-exp-02-05;0.0;prompts_for_LLM_api;single_numeric_response
single_numeric_response_LLM_prompting_collider.csv;Error: Gemini API error: contents must not be empty;2025-03-18 18:03:37;d12794fe-ff48-4798-9472-665dfa62747d;1_experiment;gemini-2.0-pro-exp-02-05;0.0;prompts_for_LLM_api;single_numeric_response
single_numeric_response_LLM_prompting_collider.csv;Hello! How can I assist you today?;2025-03-25 12:29:39;ddecaa13-11b0-4278-834c-ccd489a806f4;1_experiment;gpt-4o;0.0;prompts_for_LLM_api;single_numeric_response
single_numeric_response_LLM_prompting_collider.csv;Hello! How can I assist you today?;2025-03-25 12:30:55;2ae12a80-d039-4380-b2c3-5d2db29d4d4d;1_experiment;gpt-4o;0.0;prompts_for_LLM_api;single_numeric_response
single_numeric_response_LLM_prompting_collider.csv;Hello! How can I assist you today?;2025-03-25 12:31:47;351dc5cb-449c-4b89-80e8-90cec0687b88;1_experiment;gpt-4o;0.0;prompts_for_LLM_api;single_numeric_response
abc_single_numeric_response_LLM_prompting_collider_abstract.csv;Hello! How can I assist you today?;2025-03-25 12:33:56;9fc4b3ae-0fcd-4d32-b90d-f53469db7039;1_experiment;gpt-4o;0.0;prompts_for_LLM_api;single_numeric_response
abc_single_numeric_response_LLM_prompting_collider_abstract.csv;Hello! How can I assist you today?;2025-03-25 12:34:56;0896c4c7-ce48-4abb-93aa-9bc8f61cf783;1_experiment;gpt-4o;1.0;prompts_for_LLM_api;single_numeric_response
abc_single_numeric_response_LLM_prompting_collider_abstract.csv;Error: OpenAI API error: Error code: 404 - {'error': {'message': 'The model `gpt-4.5` does not exist or you do not have access to it.', 'type': 'invalid_request_error', 'param': None, 'code': 'model_not_found'}};2025-03-25 13:10:52;8adf8189-1dbf-44a5-85d9-20c26ceca789;1_experiment;gpt-4.5;1.0;prompts_for_LLM_api;single_numeric_response
abc_single_numeric_response_LLM_prompting_collider_abstract.csv;Hello! How can I assist you today?;2025-03-25 13:12:08;875e6547-1c1b-4248-822a-5aab8a5862fe;1_experiment;gpt-3.5-turbo;1.0;prompts_for_LLM_api;single_numeric_response
abc_single_numeric_response_LLM_prompting_collider_abstract.csv;Error: Gemini API error: contents must not be empty;2025-03-25 13:12:44;28a4b482-9aea-4be5-ab1d-213c67cf598b;1_experiment;gemini-2.0-pro-exp-02-05;1.0;prompts_for_LLM_api;single_numeric_response
abc_single_numeric_response_LLM_prompting_collider_abstract.csv;Error: Gemini API error: contents must not be empty;2025-03-25 13:13:25;91461edf-192a-406d-9ab3-d47f773bd225;1_experiment;gemini-1.5-pro;1.0;prompts_for_LLM_api;single_numeric_response
abc_single_numeric_response_LLM_prompting_collider_abstract.csv;Error: Gemini API error: contents must not be empty;2025-03-25 13:13:56;c0fe4e99-efca-4649-a765-3a9ad10f2b88;1_experiment;gemini-1.5-pro;1.0;prompts_for_LLM_api;single_numeric_response
abc_single_numeric_response_LLM_prompting_collider_abstract.csv;Error: Claude API error: Error code: 400 - {'type': 'error', 'error': {'type': 'invalid_request_error', 'message': 'messages.0: all messages must have non-empty content except for the optional final assistant message'}};2025-03-25 13:14:46;d9b7aa0f-a2fa-4506-b427-58e09cf83915;1_experiment;claude-3-opus-20240229;1.0;prompts_for_LLM_api;single_numeric_response
abc_single_numeric_response_LLM_prompting_collider_abstract.csv;Error: Claude API error: Error code: 400 - {'type': 'error', 'error': {'type': 'invalid_request_error', 'message': 'messages.0: all messages must have non-empty content except for the optional final assistant message'}};2025-03-25 13:15:17;5cb00ccc-e32a-44df-a1e3-4ebe44ca83eb;1_experiment;claude-3-sonnet;1.0;prompts_for_LLM_api;single_numeric_response
abc_single_numeric_response_LLM_prompting_collider_abstract.csv;Error: Claude API error: Error code: 400 - {'type': 'error', 'error': {'type': 'invalid_request_error', 'message': 'messages.0: all messages must have non-empty content except for the optional final assistant message'}};2025-03-25 13:15:59;97761ce2-8e30-45d6-8096-1c9786496214;1_experiment;claude-3-haiku;1.0;prompts_for_LLM_api;single_numeric_response
abc_single_numeric_response_LLM_prompting_collider_abstract.csv;Error: Claude API error: Error code: 400 - {'type': 'error', 'error': {'type': 'invalid_request_error', 'message': 'messages.0: all messages must have non-empty content except for the optional final assistant message'}};2025-03-25 13:16:40;f7b13afb-2700-4f01-849b-45ed56282146;1_experiment;claude-3-haiku;1.0;prompts_for_LLM_api;single_numeric_response
abc_single_numeric_response_LLM_prompting_collider_abstract.csv;Error: Claude API error: Error code: 400 - {'type': 'error', 'error': {'type': 'invalid_request_error', 'message': 'messages.0: all messages must have non-empty content except for the optional final assistant message'}};2025-03-25 13:17:11;993b8f46-8e8b-4b87-9233-6f626c8b9a44;1_experiment;claude-3-opus-20240229;1.0;prompts_for_LLM_api;single_numeric_response
abc_single_numeric_response_LLM_prompting_collider_abstract.csv;It seems like your message got cut off. Could you please provide some more information or ask a question? I'm here to help!;2025-03-25 13:18:51;45eb6c79-cf93-4f3e-9388-4d14082b15f5;1_experiment;gpt-4o;1.0;prompts_for_LLM_api;single_numeric_response
abc_single_numeric_response_LLM_prompting_collider_abstract.csv;Hello! How can I assist you today?;2025-03-25 17:32:40;45eb6c79-cf93-4f3e-9388-4d14082b15f5;1_experiment;gpt-3.5-turbo;1.0;prompts_for_LLM_api;single_numeric_response
abc_single_numeric_response_LLM_prompting_collider_abstract.csv;Hello! How can I assist you today?;2025-03-25 18:07:18;5a407082-0d91-40e4-b2d8-6c1b2cecac0c;1_experiment;gpt-4o;1.0;prompts_for_LLM_api;single_numeric_response
abc_single_numeric_response_LLM_prompting_collider_abstract.csv;Hello! How can I assist you today?;2025-03-25 18:20:07;c86e562f-065b-4b8d-a432-39ec7a509a70;1_experiment;gpt-3.5-turbo;0.0;prompts_for_LLM_api;single_numeric_response
abc_single_numeric_response_LLM_prompting_collider_abstract.csv;Error: Gemini API error: contents must not be empty;2025-03-26 00:54:46;c86e562f-065b-4b8d-a432-39ec7a509a70;1_experiment;gemini-1.5-pro;0.0;prompts_for_LLM_api;single_numeric_response
abc_single_numeric_response_LLM_prompting_collider_abstract.csv;Error: Claude API error: Error code: 400 - {'type': 'error', 'error': {'type': 'invalid_request_error', 'message': 'messages.0: all messages must have non-empty content except for the optional final assistant message'}};2025-03-26 01:16:53;c86e562f-065b-4b8d-a432-39ec7a509a70;1_experiment;claude-3-opus-20240229;0.0;prompts_for_LLM_api;single_numeric_response
single_numeric_response_LLM_prompting_collider_abstract.csv;Hello! How can I assist you today?;2025-03-26 01:40:27;c86e562f-065b-4b8d-a432-39ec7a509a70;1_experiment;gpt-3.5-turbo;0.0;prompts_for_LLM_api;single_numeric_response
single_numeric_response_LLM_prompting_collider_abstract.csv;Error: Gemini API error: contents must not be empty;2025-03-26 02:56:01;c86e562f-065b-4b8d-a432-39ec7a509a70;1_experiment;gemini-1.5-pro;0.0;prompts_for_LLM_api;single_numeric_response
single_numeric_response_LLM_prompting_collider_abstract.csv;Error: Claude API error: Error code: 400 - {'type': 'error', 'error': {'type': 'invalid_request_error', 'message': 'messages.0: all messages must have non-empty content except for the optional final assistant message'}};2025-03-26 03:04:49;c86e562f-065b-4b8d-a432-39ec7a509a70;1_experiment;claude-3-opus-20240229;0.0;prompts_for_LLM_api;single_numeric_response
abc_single_numeric_response_LLM_prompting_collider_abstract.csv;Hello! How can I assist you today?;2025-03-26 10:45:31;52827f5c-a249-463d-a1a2-3de5fb25242e;1_experiment;gpt-4o;0.0;prompts_for_LLM_api;single_numeric_response
abc_single_numeric_response_LLM_prompting_collider_abstract.csv;Hello! How can I assist you today?;2025-03-26 10:45:49;52827f5c-a249-463d-a1a2-3de5fb25242e;1_experiment;gpt-3.5-turbo;0.0;prompts_for_LLM_api;single_numeric_response
abc_single_numeric_response_LLM_prompting_collider_abstract.csv;Error: Gemini API error: contents must not be empty;2025-03-26 10:46:05;52827f5c-a249-463d-a1a2-3de5fb25242e;1_experiment;gemini-1.5-pro;0.0;prompts_for_LLM_api;single_numeric_response
abc_single_numeric_response_LLM_prompting_collider_abstract.csv;Error: Gemini API error: contents must not be empty;2025-03-26 10:46:23;52827f5c-a249-463d-a1a2-3de5fb25242e;1_experiment;gemini-2.0-pro-exp-02-05;0.0;prompts_for_LLM_api;single_numeric_response
abc_single_numeric_response_LLM_prompting_collider_abstract.csv;Error: Claude API error: Error code: 400 - {'type': 'error', 'error': {'type': 'invalid_request_error', 'message': 'messages.0: all messages must have non-empty content except for the optional final assistant message'}};2025-03-26 10:49:28;52827f5c-a249-463d-a1a2-3de5fb25242e;1_experiment;claude-3-opus-20240229;0.0;prompts_for_LLM_api;single_numeric_response
abc_single_numeric_response_LLM_prompting_collider_abstract.csv;Hello! How can I assist you today?;2025-03-26 10:57:53;2b327d52-4d37-4602-93c6-f1c71961fb6e;1_experiment;gpt-4o;0.0;prompts_for_LLM_api;single_numeric_response
abc_single_numeric_response_LLM_prompting_collider_abstract.csv;Hello! How can I assist you today?;2025-03-26 10:57:59;2b327d52-4d37-4602-93c6-f1c71961fb6e;1_experiment;gpt-3.5-turbo;0.0;prompts_for_LLM_api;single_numeric_response
abc_single_numeric_response_LLM_prompting_collider_abstract.csv;Error: Gemini API error: contents must not be empty;2025-03-26 10:58:03;2b327d52-4d37-4602-93c6-f1c71961fb6e;1_experiment;gemini-1.5-pro;0.0;prompts_for_LLM_api;single_numeric_response
abc_single_numeric_response_LLM_prompting_collider_abstract.csv;Error: Gemini API error: contents must not be empty;2025-03-26 10:58:09;2b327d52-4d37-4602-93c6-f1c71961fb6e;1_experiment;gemini-2.0-pro-exp-02-05;0.0;prompts_for_LLM_api;single_numeric_response
abc_single_numeric_response_LLM_prompting_collider_abstract.csv;Error: Claude API error: Error code: 400 - {'type': 'error', 'error': {'type': 'invalid_request_error', 'message': 'messages.0: all messages must have non-empty content except for the optional final assistant message'}};2025-03-26 11:00:11;2b327d52-4d37-4602-93c6-f1c71961fb6e;1_experiment;claude-3-opus-20240229;0.0;prompts_for_LLM_api;single_numeric_response
abc_numeric-certainty_LLM_prompting_collider_abstract.csv;Hello! How can I assist you today?;2025-03-26 11:07:43;bd79fec6-6238-46d1-9ddb-c7ebe7c49b22;1_experiment;gpt-4o;0.0;prompts_for_LLM_api;single_numeric_response
abc_numeric-certainty_LLM_prompting_collider_abstract.csv;Hello! How can I assist you today?;2025-03-26 11:07:50;bd79fec6-6238-46d1-9ddb-c7ebe7c49b22;1_experiment;gpt-3.5-turbo;0.0;prompts_for_LLM_api;single_numeric_response
abc_numeric-certainty_LLM_prompting_collider_abstract.csv;Error: Gemini API error: contents must not be empty;2025-03-26 11:07:54;bd79fec6-6238-46d1-9ddb-c7ebe7c49b22;1_experiment;gemini-1.5-pro;0.0;prompts_for_LLM_api;single_numeric_response
abc_numeric-certainty_LLM_prompting_collider_abstract.csv;Error: Gemini API error: contents must not be empty;2025-03-26 11:08:00;bd79fec6-6238-46d1-9ddb-c7ebe7c49b22;1_experiment;gemini-2.0-pro-exp-02-05;0.0;prompts_for_LLM_api;single_numeric_response
abc_numeric-certainty_LLM_prompting_collider_abstract.csv;Error: Claude API error: Error code: 400 - {'type': 'error', 'error': {'type': 'invalid_request_error', 'message': 'messages.0: all messages must have non-empty content except for the optional final assistant message'}};2025-03-26 11:09:17;bd79fec6-6238-46d1-9ddb-c7ebe7c49b22;1_experiment;claude-3-opus-20240229;0.0;prompts_for_LLM_api;single_numeric_response
abc_numeric-certainty_LLM_prompting_collider_abstract.csv;Hello! How can I assist you today?;2025-03-26 11:18:20;0bce73ad-38f9-43a8-89f6-6438f75741ac;1_experiment;gpt-4o;0.0;prompts_for_LLM_api;single_numeric_response
abc_numeric-certainty_LLM_prompting_collider_abstract.csv;Hello! How can I assist you today?;2025-03-26 11:18:26;0bce73ad-38f9-43a8-89f6-6438f75741ac;1_experiment;gpt-3.5-turbo;0.0;prompts_for_LLM_api;single_numeric_response
abc_numeric-certainty_LLM_prompting_collider_abstract.csv;Error: Gemini API error: contents must not be empty;2025-03-26 11:18:31;0bce73ad-38f9-43a8-89f6-6438f75741ac;1_experiment;gemini-1.5-pro;0.0;prompts_for_LLM_api;single_numeric_response
abc_numeric-certainty_LLM_prompting_collider_abstract.csv;Error: Gemini API error: contents must not be empty;2025-03-26 11:18:36;0bce73ad-38f9-43a8-89f6-6438f75741ac;1_experiment;gemini-2.0-pro-exp-02-05;0.0;prompts_for_LLM_api;single_numeric_response
abc_numeric-certainty_LLM_prompting_collider_abstract.csv;Error: Claude API error: Error code: 400 - {'type': 'error', 'error': {'type': 'invalid_request_error', 'message': 'messages.0: all messages must have non-empty content except for the optional final assistant message'}};2025-03-26 11:20:20;0bce73ad-38f9-43a8-89f6-6438f75741ac;1_experiment;claude-3-opus-20240229;0.0;prompts_for_LLM_api;single_numeric_response
abc_numeric-certainty_LLM_prompting_collider_abstract.csv;Error: Gemini API error: contents must not be empty;2025-03-26 11:27:36;009b795f-3573-42d9-8828-99f2cf19f7a3;1_experiment;gemini-1.5-pro;0.0;prompts_for_LLM_api;single_numeric_response
abc_numeric-certainty_LLM_prompting_collider_abstract.csv;Error: Gemini API error: contents must not be empty;2025-03-26 11:27:58;009b795f-3573-42d9-8828-99f2cf19f7a3;1_experiment;gemini-2.0-pro-exp-02-05;0.0;prompts_for_LLM_api;single_numeric_response
abc_numeric-certainty_LLM_prompting_collider_abstract.csv;Error: Gemini API error: contents must not be empty;2025-03-26 11:33:01;d10cf265-c624-46c6-a30e-57131914bc99;1_experiment;gemini-1.5-pro;0.0;prompts_for_LLM_api;single_numeric_response
abc_numeric-certainty_LLM_prompting_collider_abstract.csv;Error: Gemini API error: contents must not be empty;2025-03-26 11:33:21;d10cf265-c624-46c6-a30e-57131914bc99;1_experiment;gemini-2.0-pro-exp-02-05;0.0;prompts_for_LLM_api;single_numeric_response
abc_numeric-certainty_LLM_prompting_collider_abstract.csv;Error: Gemini API error: contents must not be empty;2025-03-26 11:35:28;0531f7d1-e907-471c-a543-d6691130a990;1_experiment;gemini-1.5-pro;0.0;prompts_for_LLM_api;single_numeric_response
abc_numeric-certainty_LLM_prompting_collider_abstract.csv;Error: Gemini API error: contents must not be empty;2025-03-26 11:35:48;0531f7d1-e907-471c-a543-d6691130a990;1_experiment;gemini-2.0-pro-exp-02-05;0.0;prompts_for_LLM_api;single_numeric_response
abc_numeric-certainty_LLM_prompting_collider_abstract.csv;Hello! How can I assist you today?;2025-03-26 11:45:48;e255cd39-5fff-4054-8dd7-8350ccfc3351;1_experiment;gpt-4o;0.0;prompts_for_LLM_api;single_numeric_response
abc_numeric-certainty_LLM_prompting_collider_abstract.csv;Hello! How can I assist you today?;2025-03-26 11:46:06;e255cd39-5fff-4054-8dd7-8350ccfc3351;1_experiment;gpt-3.5-turbo;0.0;prompts_for_LLM_api;single_numeric_response
abc_numeric-certainty_LLM_prompting_collider_abstract.csv;Error: Gemini API error: contents must not be empty;2025-03-26 11:46:28;e255cd39-5fff-4054-8dd7-8350ccfc3351;1_experiment;gemini-1.5-pro;0.0;prompts_for_LLM_api;single_numeric_response
abc_numeric-certainty_LLM_prompting_collider_abstract.csv;Error: Gemini API error: contents must not be empty;2025-03-26 11:46:49;e255cd39-5fff-4054-8dd7-8350ccfc3351;1_experiment;gemini-2.0-pro-exp-02-05;0.0;prompts_for_LLM_api;single_numeric_response
abc_numeric-certainty_LLM_prompting_collider_abstract.csv;Error: Claude API error: Error code: 400 - {'type': 'error', 'error': {'type': 'invalid_request_error', 'message': 'messages.0: all messages must have non-empty content except for the optional final assistant message'}};2025-03-26 11:50:02;e255cd39-5fff-4054-8dd7-8350ccfc3351;1_experiment;claude-3-opus-20240229;0.0;prompts_for_LLM_api;single_numeric_response
numeric-certainty_LLM_prompting_collider.csv;Hello! How can I assist you today?;2025-03-26 13:19:15;1bfae292-c5b7-481c-9c58-60625fcef2d5;1_experiment;gpt-4o;0.0;prompts_for_LLM_api;single_numeric_response
numeric-certainty_LLM_prompting_collider.csv;Hello! How can I assist you today?;2025-03-26 13:46:24;1bfae292-c5b7-481c-9c58-60625fcef2d5;1_experiment;gpt-3.5-turbo;0.0;prompts_for_LLM_api;single_numeric_response
numeric-certainty_LLM_prompting_collider.csv;Error: Gemini API error: contents must not be empty;2025-03-26 14:25:20;1bfae292-c5b7-481c-9c58-60625fcef2d5;1_experiment;gemini-1.5-pro;0.0;prompts_for_LLM_api;single_numeric_response
numeric-certainty_LLM_prompting_collider.csv;Error: Gemini API error: contents must not be empty;2025-03-26 16:59:02;1bfae292-c5b7-481c-9c58-60625fcef2d5;1_experiment;gemini-2.0-pro-exp-02-05;0.0;prompts_for_LLM_api;single_numeric_response
numeric-certainty_LLM_prompting_collider.csv;Error: Claude API error: Error code: 400 - {'type': 'error', 'error': {'type': 'invalid_request_error', 'message': 'messages.0: all messages must have non-empty content except for the optional final assistant message'}};2025-03-27 04:08:59;1bfae292-c5b7-481c-9c58-60625fcef2d5;1_experiment;claude-3-opus-20240229;0.0;prompts_for_LLM_api;single_numeric_response
4_v_numeric-confidence-CoT_LLM_prompting_collider.csv;Hello! How can I assist you today?;2025-03-28 17:37:38;9ff1826b-4595-4de7-a905-e94c62b3ac8c;1_experiment;gpt-4o;0.0;prompts_for_LLM_api;single_numeric_response
4_v_numeric-confidence-CoT_LLM_prompting_collider.csv;Hello! How can I assist you today?;2025-03-28 17:44:38;bbd14b5e-f4ed-47c8-abf5-9e55fb2984a5;1_experiment;gpt-4o;0.0;prompts_for_LLM_api;single_numeric_response
4_v_numeric-confidence-CoT_LLM_prompting_collider.csv;Hello! How can I assist you today?;2025-03-28 17:45:13;b7b978da-a4ac-4155-939d-9ad5f240cc77;1_experiment;gpt-4o;0.0;prompts_for_LLM_api;single_numeric_response
4_v_numeric-confidence-CoT_LLM_prompting_collider.csv;Hello! How can I assist you today?;2025-03-28 17:45:50;b7b978da-a4ac-4155-939d-9ad5f240cc77;1_experiment;gpt-3.5-turbo;0.0;prompts_for_LLM_api;single_numeric_response
4_v_numeric-confidence-CoT_LLM_prompting_collider.csv;Error: Gemini API error: contents must not be empty;2025-03-28 17:46:11;b7b978da-a4ac-4155-939d-9ad5f240cc77;1_experiment;gemini-1.5-pro;0.0;prompts_for_LLM_api;single_numeric_response
